"baseMean","log2FoldChange","lfcSE","stat","pvalue","padj","gene_ID","gene_ID2","X2","peak_cluster","order_y","tag","order2","segment","gene_ID.y"
885.2686424195313,8.571991494104152,0.9540646013064416,8.984707620811166,2.5942312830358227e-19,1.0446969376785259e-15,"CRO_05G028660.2","CRO-05G028660.2","UDP-Glycosyltransferase superfamily protein","8",14,NA,NA,NA,NA
51.94938552059572,8.37028026672059,1.6422643198411402,5.096792377204094,3.4545684788716205e-7,1.5704082086566816e-4,"CRO_02G020830.5","CRO-02G020830.5","Pyridoxal phosphate (PLP)-dependent transferases superfamily protein","8",14,NA,NA,NA,NA
13.31231404716479,8.035286427908217,1.2640771797796333,6.35664226555297,2.0621146149470983e-10,1.977175131998087e-7,"CRO_01G009210.1","CRO-01G009210.1","hypothetical protein","8",14,NA,NA,NA,NA
836.9396620542835,7.39539216788858,0.8592500066293866,8.606799081560409,7.51289604113896e-18,2.5212026964722164e-14,"CRO_07G009960.3","CRO-07G009960.3","purine permease","8",14,NA,NA,NA,NA
124.4821244795809,7.175748727504198,1.1109094941240192,6.459345937233582,1.0515647932416033e-10,1.1387987654996723e-7,"CRO_02G027680.1","CRO-02G027680.1","MATE efflux family protein","8",14,NA,NA,NA,NA
13798.032659269753,6.853583444596171,0.5411203174407511,12.665544470794318,9.17813423737657e-37,1.8480173286957722e-32,"CRO_02G002580.1","CRO-02G002580.1","myb domain protein","8",14,NA,NA,NA,NA
1425.2426550077357,6.697269098514271,0.7394735814528034,9.056806445142383,1.343256696813254e-19,6.761618397583718e-16,"CRO_05G033630.1","CRO-05G033630.1","UDP-Glycosyltransferase superfamily protein","8",14,NA,NA,NA,NA
21.664194927171824,6.63059111045466,1.9070986803759822,3.476794975888425,5.074456927909537e-4,0.04561347778725827,"CRO_05G004760.1","CRO-05G004760.1","hypothetical protein","8",14,NA,NA,NA,NA
283.84217060523935,5.854079394819736,0.6963987210343968,8.406217900751413,4.234441045625705e-17,1.2180067207667655e-13,"CRO_06G013360.2","CRO-06G013360.2","2-oxoglutarate (2OG) and Fe(II)-dependent oxygenase superfamily protein","8",14,"D4H",39,"Late Alkaloid","CRO-06G013360.2"
121.86649292784801,5.845985367603491,0.6359014904611173,9.193224823807752,3.812371220007904e-20,3.8381047257429574e-16,"CRO_01G005870.1","CRO-01G005870.1","TRICHOME BIREFRINGENCE-LIKE","8",14,NA,NA,NA,NA
1594.3382089739655,4.83146521275103,0.7229947054792925,6.682573435372701,2.347822407740407e-11,3.1515602786568726e-8,"CRO_03G031710.1","CRO-03G031710.1","beta-amylase","8",14,NA,NA,NA,NA
927.9851701898288,4.353151339708964,0.7819647180924064,5.566940859337521,2.5925033418578403e-8,1.535295729067871e-5,"CRO_01G011240.1","CRO-01G011240.1","gamma tonoplast intrinsic protein","8",14,NA,NA,NA,NA
2524.902444366618,4.188982432344903,0.6633780717735457,6.314623003961573,2.708208477957254e-10,2.4786262592576957e-7,"CRO_03G011320.1","CRO-03G011320.1","RING/U-box superfamily protein","8",14,NA,NA,NA,NA
5206.063244210164,3.907839245482642,1.046480245734759,3.734269482305281,1.8826083262998082e-4,0.023991340917751038,"CRO_05G011810.2","CRO-05G011810.2","purine permease","8",14,NA,NA,NA,NA
4301.756195566267,3.8076770708152425,0.5278115396337054,7.214084545134656,5.429801421909522e-13,9.939004693649839e-10,"CRO_07G010070.1","CRO-07G010070.1","purine permease","8",14,NA,NA,NA,NA
8290.748243788708,3.623239577441694,0.54774655545744,6.614810337631088,3.720284131570941e-11,4.681745061823806e-8,"CRO_07G010060.1","CRO-07G010060.1","purine permease","8",14,NA,NA,NA,NA
4561.543694648754,3.5281759656863856,0.8445055284592466,4.177800910460997,2.9434111870641e-5,0.006128603949630698,"CRO_07G015460.1","CRO-07G015460.1","DUF679 domain membrane protein","8",14,NA,NA,NA,NA
1532.1313433541372,3.477792289559598,0.488321723960154,7.121928267609447,1.0642744716063995e-12,1.7857638738162378e-9,"CRO_02G001090.1","CRO-02G001090.1","HXXXD-type acyl-transferase family protein","8",14,"DAT",40,"Late Alkaloid","CRO-02G001090.1"
959.1331218243727,3.2999723141830795,0.6071234237538676,5.43542249412685,5.4666744098358525e-8,2.8966181379485497e-5,"CRO_01G027000.5","CRO-01G027000.5","Tetraspanin family protein","8",14,NA,NA,NA,NA
15492.502732296327,3.2531103866342868,0.5074604786298437,6.4105689479854044,1.4497756895736278e-10,1.4595616754782497e-7,"CRO_04G027110.1","CRO-04G027110.1","cytochrome P450, family 71, subfamily B, polypeptide","8",14,NA,NA,NA,NA
1375.1486208201347,3.1291638957853305,0.7624834439809994,4.103910610108024,4.062244748804783e-5,0.007906920944633881,"CRO_07G016170.2","CRO-07G016170.2","inosine-uridine preferring nucleoside hydrolase family protein","8",14,NA,NA,NA,NA
514.1557933690987,3.1175147179605465,0.44146474105815126,7.061752452728488,1.6441570209515008e-12,2.3646501154898906e-9,"CRO_02G016670.2","CRO-02G016670.2","MLP-like protein","8",14,NA,NA,NA,NA
1710.2402879400515,2.6157148546148488,0.558621429379272,4.682446317036879,2.834714389158187e-6,9.059837178682554e-4,"CRO.S005240.1","CRO.S005240.1","MLP-like protein","8",14,NA,NA,NA,NA
129.78940915061145,2.494322601629813,0.6478646469717496,3.8500674690134447,1.1808529191839208e-4,0.017229328643310324,"CRO_08G024050.1","CRO-08G024050.1","Orn/Lys/Arg decarboxylase, major domain containing protein","8",14,NA,NA,NA,NA
1841.1189322351415,2.2939657589317215,0.4151478281254041,5.525660026429866,3.282492240426526e-8,1.8359161461385584e-5,"CRO_04G033370.1","CRO-04G033370.1","myb domain protein","8",14,NA,NA,NA,NA
86.32576970028389,2.1257607903633358,0.5242129943016415,4.055147074702492,5.0102767918539896e-5,0.009007314571783937,"CRO_05G012520.1","CRO-05G012520.1","conserved hypothetical protein","8",14,NA,NA,NA,NA
721.3115456642296,2.1173177214545755,0.571697760842061,3.703561333414969,2.1259375153302368e-4,0.026423303624181677,"CRO_07G010880.3","CRO-07G010880.3","alpha/beta-Hydrolases superfamily protein","8",14,NA,NA,NA,NA
10061.50190257683,2.0681419650011237,0.3740203438926881,5.529490571225462,3.211620614481337e-8,1.8359161461385584e-5,"CRO_06G024620.2","CRO-06G024620.2","elicitor-activated gene 3-1","8",14,"THAS2",41,"Late Alkaloid","CRO-06G024620.2"
847.6228129026046,2.0112931264375735,0.5153873925357018,3.902488022731848,9.520895085677238e-5,0.014746401734623937,"CRO_04G023920.1","CRO-04G023920.1","K+ transporter","8",14,NA,NA,NA,NA
393.0130975152591,1.9098501400012238,0.41263981051191845,4.6283710183752635,3.68553293647601e-6,0.001091297142293301,"CRO_04G000920.1","CRO-04G000920.1","Glutaredoxin family protein","8",14,NA,NA,NA,NA
16840.365173707367,1.8962600277941315,0.4537920377477418,4.178698324469594,2.9318227041079316e-5,0.006128603949630698,"CRO_02G000920.1","CRO-02G000920.1","HXXXD-type acyl-transferase family protein","8",14,NA,NA,NA,NA
2029.4729486137123,1.8512743677491992,0.44209812477292687,4.187473920410909,2.8207642165319824e-5,0.006042136968071433,"CRO_06G033010.2","CRO-06G033010.2","Homeodomain-like superfamily protein","8",14,NA,NA,NA,NA
456.28938925185213,1.7962588384518696,0.36118083372014026,4.9732950111181555,6.582437275724248e-7,2.761195303056411e-4,"CRO_06G003270.2","CRO-06G003270.2","serine carboxypeptidase-like","8",14,NA,NA,NA,NA
985.9630318147449,1.7750898077713375,0.3858147023667551,4.600886894361892,4.206958320861582e-6,0.0011930578280358866,"CRO_02G025790.2","CRO-02G025790.2","nitrate transporter 1.7","8",14,NA,NA,NA,NA
53.11873908588531,1.7021650581700187,0.486236268813142,3.5006953766012705,4.64045947664058e-4,0.04427049186282493,"CRO_06G012430.7","CRO-06G012430.7","glycolipid transfer protein","8",14,NA,NA,NA,NA
409.48449175855313,1.6277440489198762,0.3292847413381217,4.9432720213672114,7.68221742861358e-7,3.1567642433700903e-4,"CRO_03G003280.1","CRO-03G003280.1","purine permease","8",14,NA,NA,NA,NA
601.7541467167592,1.5189619050506382,0.32046477813642105,4.739871613609967,2.1385367977558836e-6,7.424041107381847e-4,"CRO_08G008710.1","CRO-08G008710.1","Homeodomain-like superfamily protein","8",14,NA,NA,NA,NA
108.06501298638884,1.512912266600377,0.3092247551747729,4.892597508065884,9.951378515538617e-7,4.007420128207401e-4,"CRO_04G027330.1","CRO-04G027330.1","glutathione S-transferase tau","8",14,NA,NA,NA,NA
9676.540646472886,1.4796425270358577,0.3716455201224923,3.981327493327986,6.853144933596031e-5,0.011403972994872403,"CRO_02G014420.1","CRO-02G014420.1","bidirectional amino acid transporter","8",14,NA,NA,NA,NA
93.9462974705968,1.355388114507029,0.3253270314504697,4.166232693496248,3.0967461626250196e-5,0.006362549386168854,"CRO_03G019520.1","CRO-03G019520.1","Ca2+ activated outward rectifying K+ channel","8",14,NA,NA,NA,NA
1288.7528760950077,0.8688706567450943,0.2508178254150102,3.4641503462022154,5.319091350165457e-4,0.04691912029030349,"CRO_02G012270.3","CRO-02G012270.3","Pentatricopeptide repeat (PPR) superfamily protein","8",14,NA,NA,NA,NA
810.2641418164579,0.8091253594573966,0.13756938736423882,5.881580015436842,4.063684106518557e-9,3.147010749413506e-6,"CRO_03G000660.2","CRO-03G000660.2","C2H2-like zinc finger protein","8",14,NA,NA,NA,NA
9921.645375976077,0.7753132675508958,0.2160665075145912,3.5883084170208015,3.328304317016043e-4,0.03583711626904707,"CRO_03G028930.1","CRO-03G028930.1","Adenine nucleotide alpha hydrolases-like superfamily protein","8",14,NA,NA,NA,NA
